{
  "categorias": {
    "-NqhOwWJthRncAolMzxR": "Aceites",
    "-NqhPDlSO7E9xCPKzNgU": "Encurtidos",
    "-NqhPRc-qhA0ihgEtChu": "Salsas"
  },
  "productos": {
    "-Nqj3v5T1dkFsAZnaqr1": {
      "idCategoria": 2,
      "idProducto": 1,
      "nombreProducto": "Salsa Cocktail 350gr (Caja de 50)",
      "precioUnidad": 99.65
    },
    "-Nqj3v5pdLBe_Av8qT6g": {
      "idCategoria": 0,
      "idProducto": 2,
      "nombreProducto": "Aceite Oliva 1l (Caja 20)",
      "precioUnidad": 109.25
    },
    "-Nqj3v5ycFXFNrN-0ewr": {
      "idCategoria": 2,
      "idProducto": 3,
      "nombreProducto": "Mayonesa 350gr (Caja de 50)",
      "precioUnidad": 124.45
    },
    "-Nqj3v5ycFXFNrN-0ews": {
      "idCategoria": 1,
      "idProducto": 4,
      "nombreProducto": "Aceituna Manzanilla deshuesada 250 gr (Caja de 50)",
      "precioUnidad": 141.35
    },
    "-Nqj3v60WSQ4xiPChlpn": {
      "idCategoria": 1,
      "idProducto": 5,
      "nombreProducto": "Aceituna Manzanilla 250 gr (Caja de 50)",
      "precioUnidad": 124.85
    },
    "-Nqj3v66FaKRhS9mTr2c": {
      "idCategoria": 2,
      "idProducto": 6,
      "nombreProducto": "Mayonesa 1Kg (Caja de 30)",
      "precioUnidad": 178.65
    },
    "-Nqj3v6EKaxddqOaB7nH": {
      "idCategoria": 2,
      "idProducto": 7,
      "nombreProducto": "Salsa Gaucha 350gr (Caja de 50)",
      "precioUnidad": 124.85
    },
    "-Nqj3v6WtFjVHU8BMpTQ": {
      "idCategoria": 2,
      "idProducto": 8,
      "nombreProducto": "Salsa Barbacoa 500gr (Caja de 30)",
      "precioUnidad": 67.5
    },
    "-Nqj3v6d0tab7nLt8jxv": {
      "idCategoria": 0,
      "idProducto": 9,
      "nombreProducto": "Aceite Oliva Virgen Extra 700ml (Caja 30)",
      "precioUnidad": 208.5
    },
    "-Nqj3v6d0tab7nLt8jxw": {
      "idCategoria": 0,
      "idProducto": 10,
      "nombreProducto": "Aceite Oliva Virgen Extra 5l (Caja 6)",
      "precioUnidad": 247.5
    },
    "-Nqj3v6l8z17erI0_4Y-": {
      "idCategoria": 0,
      "idProducto": 11,
      "nombreProducto": "Aceite Oliva Virgen Extra 1l (Caja 20)",
      "precioUnidad": 178.15
    },
    "-Nqj3v6mQv2VRpoIvORp": {
      "idCategoria": 2,
      "idProducto": 12,
      "nombreProducto": "Salsa Alioli 350 gr (Caja de 50)",
      "precioUnidad": 113.75
    },
    "-Nqj3v6vjOnFqgSkN7XA": {
      "idCategoria": 1,
      "idProducto": 13,
      "nombreProducto": "Aceituna Negra 350gr (Caja de 50)",
      "precioUnidad": 87.5
    },
    "-Nqj3v7S9HeZe3-cVMrT": {
      "idCategoria": 1,
      "idProducto": 14,
      "nombreProducto": "Aceituna Gordal 340gr (Caja de 50)",
      "precioUnidad": 180.75
    },
    "-Nqj3v7_B2nt_YMqVJwm": {
      "idCategoria": 1,
      "idProducto": 15,
      "nombreProducto": "Aceituna Negra deshuesada 350gr (Caja de 50)",
      "precioUnidad": 99.35
    },
    "-Nqj3v7bOEbIvE16ODoI": {
      "idCategoria": 1,
      "idProducto": 16,
      "nombreProducto": "Aceituna Gordal deshuesada 350gr (Caja de 50)",
      "precioUnidad": 205.45
    }
  }
}
